algoritmo,n,tipo_grafo,tamanho_clique,tempo,memoria,timeout,erro
forca_bruta,6,random,1,0.0008308887481689453,0.00762939453125,False,False
forca_bruta,6,scale_free,3,0.00015163421630859375,0.003631591796875,False,False
forca_bruta,6,clique,5,4.887580871582031e-05,0.00289154052734375,False,False
forca_bruta,6,random,2,0.00023436546325683594,0.003387451171875,False,False
forca_bruta,6,scale_free,3,0.000118255615234375,0.003387451171875,False,False
forca_bruta,6,clique,5,6.365776062011719e-05,0.00313568115234375,False,False
forca_bruta,6,random,2,0.00038623809814453125,0.003387451171875,False,False
forca_bruta,6,scale_free,3,0.00012111663818359375,0.003631591796875,False,False
forca_bruta,6,clique,5,4.315376281738281e-05,0.00337982177734375,False,False
forca_bruta,8,random,1,0.0006110668182373047,0.0043792724609375,False,False
forca_bruta,8,scale_free,3,0.00045013427734375,0.00433349609375,False,False
forca_bruta,8,clique,5,0.0001361370086669922,0.00433349609375,False,False
forca_bruta,8,random,2,0.0006399154663085938,0.00384521484375,False,False
forca_bruta,8,scale_free,3,0.0004353523254394531,0.00433349609375,False,False
forca_bruta,8,clique,5,0.00013637542724609375,0.00408935546875,False,False
forca_bruta,8,random,2,0.0005142688751220703,0.00384521484375,False,False
forca_bruta,8,scale_free,3,0.00047087669372558594,0.00433349609375,False,False
forca_bruta,8,clique,5,0.00018310546875,0.00408935546875,False,False
forca_bruta,10,random,2,0.002241373062133789,0.004913330078125,False,False
forca_bruta,10,scale_free,3,0.0020372867584228516,0.004791259765625,False,False
forca_bruta,10,clique,5,0.0009665489196777344,0.005279541015625,False,False
forca_bruta,10,random,3,0.0021791458129882812,0.004302978515625,False,False
forca_bruta,10,scale_free,3,0.002052783966064453,0.004791259765625,False,False
forca_bruta,10,clique,5,0.0010211467742919922,0.005279541015625,False,False
forca_bruta,10,random,2,0.0022487640380859375,0.004302978515625,False,False
forca_bruta,10,scale_free,3,0.002174854278564453,0.004791259765625,False,False
forca_bruta,10,clique,5,0.0010805130004882812,0.005523681640625,False,False
forca_bruta,12,random,2,0.009318113327026367,0.00571441650390625,False,False
forca_bruta,12,scale_free,3,0.00949549674987793,0.00600433349609375,False,False
forca_bruta,12,clique,5,0.006342649459838867,0.00600433349609375,False,False
forca_bruta,12,random,2,0.009519338607788086,0.00502777099609375,False,False
forca_bruta,12,scale_free,3,0.009531497955322266,0.00576019287109375,False,False
forca_bruta,12,clique,5,0.006373405456542969,0.00624847412109375,False,False
forca_bruta,12,random,2,0.008864879608154297,0.00502777099609375,False,False
forca_bruta,12,scale_free,3,0.009261608123779297,0.00576019287109375,False,False
forca_bruta,12,clique,5,0.006075859069824219,0.00624847412109375,False,False
forca_bruta,14,random,2,0.038553476333618164,0.00624847412109375,False,False
forca_bruta,14,scale_free,3,0.04097270965576172,0.00670623779296875,False,False
forca_bruta,14,clique,5,0.09019899368286133,0.00646209716796875,False,False
forca_bruta,14,random,2,0.08198928833007812,0.00548553466796875,False,False
forca_bruta,14,scale_free,3,0.04492306709289551,0.00646209716796875,False,False
forca_bruta,14,clique,5,0.03126955032348633,0.00670623779296875,False,False
forca_bruta,14,random,3,0.0374295711517334,0.00548553466796875,False,False
forca_bruta,14,scale_free,3,0.04224085807800293,0.00670623779296875,False,False
forca_bruta,14,clique,5,0.04420876502990723,0.00646209716796875,False,False
forca_bruta,16,random,2,0.19498276710510254,0.00702667236328125,False,False
forca_bruta,16,scale_free,3,0.21062684059143066,0.00740814208984375,False,False
forca_bruta,16,clique,5,0.15610146522521973,0.00691986083984375,False,False
forca_bruta,16,random,2,0.15634870529174805,0.00594329833984375,False,False
forca_bruta,16,scale_free,3,0.16656804084777832,0.00716400146484375,False,False
forca_bruta,16,clique,5,0.15913748741149902,0.00643157958984375,False,False
forca_bruta,16,random,3,0.15386629104614258,0.00594329833984375,False,False
forca_bruta,16,scale_free,3,0.17863202095031738,0.00716400146484375,False,False
forca_bruta,16,clique,5,0.16458368301391602,0.00691986083984375,False,False
forca_bruta,18,random,2,0.6829721927642822,0.00731658935546875,False,False
forca_bruta,18,scale_free,3,0.6745657920837402,0.00786590576171875,False,False
forca_bruta,18,clique,5,0.6689465045928955,0.00713348388671875,False,False
forca_bruta,18,random,2,0.6246469020843506,0.00640106201171875,False,False
forca_bruta,18,scale_free,3,0.6709451675415039,0.00786590576171875,False,False
forca_bruta,18,clique,5,0.7391128540039062,0.00713348388671875,False,False
forca_bruta,18,random,3,0.6634044647216797,0.00640106201171875,False,False
forca_bruta,18,scale_free,3,14.51145887374878,0.00762176513671875,False,False
forca_bruta,18,clique,5,-13.172808408737183,0.00762176513671875,False,False
forca_bruta,20,random,2,2.6948492527008057,0.01088714599609375,False,False
forca_bruta,20,scale_free,3,3.046515703201294,0.012176513671875,False,False
forca_bruta,20,clique,5,3.025242567062378,0.011444091796875,False,False
forca_bruta,20,random,3,3.0672993659973145,0.010711669921875,False,False
forca_bruta,20,scale_free,3,3.5033135414123535,0.011932373046875,False,False
forca_bruta,20,clique,5,3.086696147918701,0.011688232421875,False,False
forca_bruta,20,random,3,2.842010259628296,0.010467529296875,False,False
forca_bruta,20,scale_free,3,3.814582109451294,0.012176513671875,False,False
forca_bruta,20,clique,5,3.05417799949646,0.011688232421875,False,False
forca_bruta,22,random,3,12.730007410049438,0.0117034912109375,False,False
forca_bruta,22,scale_free,3,15.789358854293823,0.01335906982421875,False,False
forca_bruta,22,clique,5,12.389358043670654,0.01287078857421875,False,False
forca_bruta,22,random,3,12.08782434463501,0.01189422607421875,False,False
forca_bruta,22,scale_free,3,12.96168565750122,0.01335906982421875,False,False
forca_bruta,22,clique,5,13.09340500831604,0.01287078857421875,False,False
forca_bruta,22,random,3,11.537616968154907,0.01189422607421875,False,False
forca_bruta,22,scale_free,3,12.92088270187378,0.01335906982421875,False,False
forca_bruta,22,clique,5,12.687551975250244,0.01287078857421875,False,False
forca_bruta,24,random,3,50.922895669937134,0.0124359130859375,False,False
forca_bruta,24,scale_free,3,53.932612895965576,0.01409149169921875,False,False
forca_bruta,24,clique,5,51.47849106788635,0.01335906982421875,False,False
forca_bruta,24,random,3,48.969605684280396,0.01287078857421875,False,False
forca_bruta,24,scale_free,3,66.78992700576782,0.01384735107421875,False,False
forca_bruta,24,clique,5,52.324542760849,0.01360321044921875,False,False
forca_bruta,24,random,3,36.767348289489746,0.01287078857421875,False,False
forca_bruta,24,scale_free,3,53.35177803039551,0.01409149169921875,False,False
forca_bruta,24,clique,5,50.95995879173279,0.01335906982421875,False,False
programacao_dinamica,6,random,0,0.002399444580078125,0.004638671875,False,False
programacao_dinamica,6,scale_free,3,0.0012993812561035156,0.00354766845703125,False,False
programacao_dinamica,6,clique,5,0.0021619796752929688,0.00377655029296875,False,False
programacao_dinamica,6,random,2,0.0004572868347167969,0.00330352783203125,False,False
programacao_dinamica,6,scale_free,3,0.0005211830139160156,0.00330352783203125,False,False
programacao_dinamica,6,clique,5,0.0006833076477050781,0.00402069091796875,False,False
programacao_dinamica,6,random,2,0.00039076805114746094,0.00330352783203125,False,False
programacao_dinamica,6,scale_free,3,0.0018045902252197266,0.00354766845703125,False,False
programacao_dinamica,6,clique,5,0.0009818077087402344,0.00426483154296875,False,False
programacao_dinamica,8,random,0,0.00260162353515625,0.00667572021484375,False,False
programacao_dinamica,8,scale_free,3,0.00047016143798828125,0.00716400146484375,False,False
programacao_dinamica,8,clique,5,0.0007920265197753906,0.00763702392578125,False,False
programacao_dinamica,8,random,2,0.0007648468017578125,0.00667572021484375,False,False
programacao_dinamica,8,scale_free,3,0.0003898143768310547,0.00716400146484375,False,False
programacao_dinamica,8,clique,5,0.0006620883941650391,0.00739288330078125,False,False
programacao_dinamica,8,random,2,0.0006628036499023438,0.00667572021484375,False,False
programacao_dinamica,8,scale_free,3,0.00034689903259277344,0.00716400146484375,False,False
programacao_dinamica,8,clique,5,0.0006768703460693359,0.00739288330078125,False,False
programacao_dinamica,10,random,2,0.0009784698486328125,0.01892852783203125,False,False
programacao_dinamica,10,scale_free,3,0.0007073879241943359,0.01947021484375,False,False
programacao_dinamica,10,clique,5,0.0013511180877685547,0.02050018310546875,False,False
programacao_dinamica,10,random,3,0.0007555484771728516,0.01892852783203125,False,False
programacao_dinamica,10,scale_free,3,0.0009729862213134766,0.01947021484375,False,False
programacao_dinamica,10,clique,5,0.0012230873107910156,0.020420074462890625,False,False
programacao_dinamica,10,random,2,0.0008218288421630859,0.01892852783203125,False,False
programacao_dinamica,10,scale_free,3,0.0010085105895996094,0.01947021484375,False,False
programacao_dinamica,10,clique,5,0.0013844966888427734,0.02080535888671875,False,False
programacao_dinamica,12,random,2,0.0017940998077392578,0.06684112548828125,False,False
programacao_dinamica,12,scale_free,3,0.002268075942993164,0.06792449951171875,False,False
programacao_dinamica,12,clique,5,0.002055644989013672,0.0684661865234375,False,False
programacao_dinamica,12,random,2,0.0015780925750732422,0.06689453125,False,False
programacao_dinamica,12,scale_free,3,0.0020487308502197266,0.06768035888671875,False,False
programacao_dinamica,12,clique,5,0.0020275115966796875,0.06868362426757812,False,False
programacao_dinamica,12,random,2,0.0014295578002929688,0.06686782836914062,False,False
programacao_dinamica,12,scale_free,3,0.001893758773803711,0.06765365600585938,False,False
programacao_dinamica,12,clique,5,0.002046346664428711,0.06868362426757812,False,False
programacao_dinamica,14,random,2,0.00546717643737793,0.2548637390136719,False,False
programacao_dinamica,14,scale_free,3,0.005168914794921875,0.2561912536621094,False,False
programacao_dinamica,14,clique,5,0.005291938781738281,0.25646209716796875,False,False
programacao_dinamica,14,random,2,0.005136251449584961,0.2548637390136719,False,False
programacao_dinamica,14,scale_free,3,0.005171775817871094,0.25586700439453125,False,False
programacao_dinamica,14,clique,5,0.005336284637451172,0.25670623779296875,False,False
programacao_dinamica,14,random,3,0.00502777099609375,0.25489044189453125,False,False
programacao_dinamica,14,scale_free,3,0.00537562370300293,0.2560844421386719,False,False
programacao_dinamica,14,clique,5,0.005543231964111328,0.2564888000488281,False,False
programacao_dinamica,16,random,2,0.0189359188079834,1.0056037902832031,False,False
programacao_dinamica,16,scale_free,3,0.017833232879638672,1.0069580078125,False,False
programacao_dinamica,16,clique,5,0.018361568450927734,1.0069580078125,False,False
programacao_dinamica,16,random,2,0.017307043075561523,1.0054130554199219,False,False
programacao_dinamica,16,scale_free,3,0.018013477325439453,1.0066604614257812,False,False
programacao_dinamica,16,clique,5,0.018972396850585938,1.0063896179199219,False,False
programacao_dinamica,16,random,3,0.01801323890686035,1.0054931640625,False,False
programacao_dinamica,16,scale_free,3,0.018544435501098633,1.0066070556640625,False,False
programacao_dinamica,16,clique,5,13.763398885726929,1.0069313049316406,False,False
programacao_dinamica,18,random,2,0.07852482795715332,4.005882263183594,False,False
programacao_dinamica,18,scale_free,3,0.07180500030517578,4.00750732421875,False,False
programacao_dinamica,18,clique,5,-13.735175371170044,4.007236480712891,False,False
programacao_dinamica,18,random,2,0.0769040584564209,4.006015777587891,False,False
programacao_dinamica,18,scale_free,3,0.07588911056518555,4.007453918457031,False,False
programacao_dinamica,18,clique,5,0.08018732070922852,4.007102966308594,False,False
programacao_dinamica,18,random,3,0.07819986343383789,4.0059356689453125,False,False
programacao_dinamica,18,scale_free,3,0.12018179893493652,4.007129669189453,False,False
programacao_dinamica,18,clique,5,0.08262777328491211,4.007617950439453,False,False
programacao_dinamica,20,random,2,0.33756113052368164,16.006458282470703,False,False
programacao_dinamica,20,scale_free,3,0.29985976219177246,16.00824737548828,False,False
programacao_dinamica,20,clique,5,0.2970459461212158,16.007949829101562,False,False
programacao_dinamica,20,random,3,0.28778934478759766,16.006729125976562,False,False
programacao_dinamica,20,scale_free,3,0.2956058979034424,16.007949829101562,False,False
programacao_dinamica,20,clique,5,0.2913503646850586,16.008060455322266,False,False
programacao_dinamica,20,random,3,0.2702522277832031,16.006484985351562,False,False
programacao_dinamica,20,scale_free,3,0.2961127758026123,16.008060455322266,False,False
programacao_dinamica,20,clique,5,0.30914783477783203,16.008193969726562,False,False
programacao_dinamica,22,random,3,1.1939246654510498,64.00797653198242,False,False
programacao_dinamica,22,scale_free,3,0.7819633483886719,64.00973892211914,False,False
programacao_dinamica,22,clique,5,1.094534158706665,64.00971221923828,False,False
programacao_dinamica,22,random,3,1.2517032623291016,64.00832748413086,False,False
programacao_dinamica,22,scale_free,3,1.1882843971252441,64.00968551635742,False,False
programacao_dinamica,22,clique,5,14.990712881088257,64.0096321105957,False,False
programacao_dinamica,22,random,3,-12.61554503440857,64.00830078125,False,False
programacao_dinamica,22,scale_free,3,1.3105981349945068,64.0096321105957,False,False
programacao_dinamica,22,clique,5,1.0889055728912354,64.00965881347656,False,False
programacao_dinamica,24,random,3,4.980167388916016,256.0088233947754,False,False
programacao_dinamica,24,scale_free,3,4.665817737579346,256.0104522705078,False,False
programacao_dinamica,24,clique,5,4.626714706420898,256.01018142700195,False,False
programacao_dinamica,24,random,3,5.182446479797363,256.00928497314453,False,False
programacao_dinamica,24,scale_free,3,4.349542140960693,256.01018142700195,False,False
programacao_dinamica,24,clique,5,4.3754425048828125,256.0103454589844,False,False
programacao_dinamica,24,random,3,4.299362421035767,256.00928497314453,False,False
programacao_dinamica,24,scale_free,3,4.7672295570373535,256.01037216186523,False,False
programacao_dinamica,24,clique,5,4.526185512542725,256.0101547241211,False,False
backtracking,10,random,2,0.002388477325439453,0.00714111328125,False,False
backtracking,10,scale_free,3,0.0005066394805908203,0.00463104248046875,False,False
backtracking,10,clique,5,0.0013804435729980469,0.00612640380859375,False,False
backtracking,10,random,3,0.0008363723754882812,0.0037145614624023438,False,False
backtracking,10,scale_free,3,0.0004706382751464844,0.00420379638671875,False,False
backtracking,10,clique,5,0.0006659030914306641,0.00527191162109375,False,False
backtracking,10,random,2,0.0003342628479003906,0.00366973876953125,False,False
backtracking,10,scale_free,3,0.0005047321319580078,0.004231452941894531,False,False
backtracking,10,clique,5,0.0005929470062255859,0.00551605224609375,False,False
backtracking,12,random,2,0.00035262107849121094,0.004119873046875,False,False
backtracking,12,scale_free,3,0.0006036758422851562,0.0053863525390625,False,False
backtracking,12,clique,5,0.0007462501525878906,0.0059661865234375,False,False
backtracking,12,random,2,0.00039958953857421875,0.004364013671875,False,False
backtracking,12,scale_free,3,0.0005598068237304688,0.0051422119140625,False,False
backtracking,12,clique,5,0.0009679794311523438,0.0062103271484375,False,False
backtracking,12,random,2,0.00037670135498046875,0.004364013671875,False,False
backtracking,12,scale_free,3,0.0005877017974853516,0.0051422119140625,False,False
backtracking,12,clique,5,0.0008878707885742188,0.0062103271484375,False,False
backtracking,14,random,2,0.00039577484130859375,0.004791259765625,False,False
backtracking,14,scale_free,3,0.0007696151733398438,0.0060577392578125,False,False
backtracking,14,clique,5,0.0010483264923095703,0.0063934326171875,False,False
backtracking,14,random,2,0.0004961490631103516,0.004791259765625,False,False
backtracking,14,scale_free,3,0.0008482933044433594,0.0058135986328125,False,False
backtracking,14,clique,5,0.0011086463928222656,0.006591796875,False,False
backtracking,14,random,3,0.0005202293395996094,0.004791259765625,False,False
backtracking,14,scale_free,3,0.0008180141448974609,0.0060577392578125,False,False
backtracking,14,clique,5,0.002246379852294922,0.0063934326171875,False,False
backtracking,16,random,2,0.0007393360137939453,0.005462646484375,False,False
backtracking,16,scale_free,3,0.0017926692962646484,0.007275581359863281,False,False
backtracking,16,clique,5,0.001500844955444336,0.0068206787109375,False,False
backtracking,16,random,2,0.0005693435668945312,0.005218505859375,False,False
backtracking,16,scale_free,3,0.0011928081512451172,0.0064849853515625,False,False
backtracking,16,clique,5,0.0013849735260009766,0.0063323974609375,False,False
backtracking,16,random,3,0.0007245540618896484,0.005218505859375,False,False
backtracking,16,scale_free,3,0.00145721435546875,0.0064849853515625,False,False
backtracking,16,clique,5,0.0015060901641845703,0.0068206787109375,False,False
backtracking,18,random,2,0.0007152557373046875,0.005645751953125,False,False
backtracking,18,scale_free,3,0.0013828277587890625,0.0071563720703125,False,False
backtracking,18,clique,5,0.0015299320220947266,0.0070037841796875,False,False
backtracking,18,random,2,0.001013040542602539,0.005645751953125,False,False
backtracking,18,scale_free,3,0.001512289047241211,0.0071563720703125,False,False
backtracking,18,clique,5,0.0016064643859863281,0.0070037841796875,False,False
backtracking,18,random,3,0.0008575916290283203,0.005645751953125,False,False
backtracking,18,scale_free,3,0.0013244152069091797,0.0069122314453125,False,False
backtracking,18,clique,5,0.0015091896057128906,0.0072479248046875,False,False
backtracking,20,random,2,0.000881195068359375,0.006072998046875,False,False
backtracking,20,scale_free,3,0.0014393329620361328,0.0078277587890625,False,False
backtracking,20,clique,5,0.0017557144165039062,0.0076751708984375,False,False
backtracking,20,random,3,0.002077817916870117,0.006317138671875,False,False
backtracking,20,scale_free,3,0.0015728473663330078,0.0075836181640625,False,False
backtracking,20,clique,5,0.0020389556884765625,0.0079193115234375,False,False
backtracking,20,random,3,0.0011739730834960938,0.006072998046875,False,False
backtracking,20,scale_free,3,0.001634836196899414,0.0078277587890625,False,False
backtracking,20,clique,5,0.0015707015991210938,0.0079193115234375,False,False
backtracking,22,random,3,0.0010859966278076172,0.00701141357421875,False,False
backtracking,22,scale_free,3,0.001562356948852539,0.00876617431640625,False,False
backtracking,22,clique,5,0.002056598663330078,0.00885772705078125,False,False
backtracking,22,random,3,0.0012230873107910156,0.00730133056640625,False,False
backtracking,22,scale_free,3,0.0017549991607666016,0.00876617431640625,False,False
backtracking,22,clique,5,0.0018720626831054688,0.00885772705078125,False,False
backtracking,22,random,3,0.002077817916870117,0.00730133056640625,False,False
backtracking,22,scale_free,3,0.0019299983978271484,0.00876617431640625,False,False
backtracking,22,clique,5,0.001917123794555664,0.00861358642578125,False,False
backtracking,24,random,3,0.0014064311981201172,0.007796287536621094,False,False
backtracking,24,scale_free,3,0.002051115036010742,0.00943756103515625,False,False
backtracking,24,clique,5,0.0023622512817382812,0.00928497314453125,False,False
backtracking,24,random,3,0.001443624496459961,0.00821685791015625,False,False
backtracking,24,scale_free,3,0.002110719680786133,0.00919342041015625,False,False
backtracking,24,clique,5,0.0031280517578125,0.00952911376953125,False,False
backtracking,24,random,3,0.0015094280242919922,0.00821685791015625,False,False
backtracking,24,scale_free,3,0.0021021366119384766,0.00943756103515625,False,False
backtracking,24,clique,5,0.0022547245025634766,0.00904083251953125,False,False
backtracking,26,random,3,0.0017197132110595703,0.00864410400390625,False,False
backtracking,26,scale_free,3,0.0022237300872802734,0.00986480712890625,False,False
backtracking,26,clique,5,0.0032291412353515625,0.00971221923828125,False,False
backtracking,26,random,3,0.0017447471618652344,0.00864410400390625,False,False
backtracking,26,scale_free,3,0.0031251907348632812,0.00962066650390625,False,False
backtracking,26,clique,5,0.002626657485961914,0.00995635986328125,False,False
backtracking,26,random,3,0.0015397071838378906,0.00839996337890625,False,False
backtracking,26,scale_free,3,0.002477407455444336,0.01010894775390625,False,False
backtracking,26,clique,5,0.0024368762969970703,0.00971221923828125,False,False
backtracking,28,random,3,0.0020933151245117188,0.00907135009765625,False,False
backtracking,28,scale_free,3,0.0025441646575927734,0.01053619384765625,False,False
backtracking,28,clique,5,0.0034477710723876953,0.01013946533203125,False,False
backtracking,28,random,3,0.0021588802337646484,0.00980377197265625,False,False
backtracking,28,scale_free,3,0.0029044151306152344,0.01053619384765625,False,False
backtracking,28,clique,5,0.002824068069458008,0.01038360595703125,False,False
backtracking,28,random,3,0.002168893814086914,0.00980377197265625,False,False
backtracking,28,scale_free,3,0.0033111572265625,0.01053619384765625,False,False
backtracking,28,clique,5,0.002924680709838867,0.01013946533203125,False,False
guloso_grau,30,random,3,0.0010013580322265625,0.01219940185546875,False,False
guloso_grau,30,scale_free,3,0.0002689361572265625,0.01296234130859375,False,False
guloso_grau,30,clique,5,0.0001766681671142578,0.01149749755859375,False,False
guloso_grau,30,random,3,0.00021791458129882812,0.01271820068359375,False,False
guloso_grau,30,scale_free,3,0.0002372264862060547,0.01320648193359375,False,False
guloso_grau,30,clique,5,0.0001697540283203125,0.01174163818359375,False,False
guloso_grau,30,random,2,0.00014472007751464844,0.01149749755859375,False,False
guloso_grau,30,scale_free,3,0.00026226043701171875,0.01271820068359375,False,False
guloso_grau,30,clique,5,0.0002989768981933594,0.01174163818359375,False,False
guloso_grau,50,random,3,0.0020682811737060547,0.02642822265625,False,False
guloso_grau,50,scale_free,3,0.0012001991271972656,0.01959228515625,False,False
guloso_grau,50,clique,5,0.0014531612396240234,0.01690673828125,False,False
guloso_grau,50,random,3,0.0005283355712890625,0.02276611328125,False,False
guloso_grau,50,scale_free,3,0.00042700767517089844,0.02008056640625,False,False
guloso_grau,50,clique,5,0.0003170967102050781,0.01739501953125,False,False
guloso_grau,50,random,3,0.0004439353942871094,0.02252197265625,False,False
guloso_grau,50,scale_free,3,0.0004019737243652344,0.01983642578125,False,False
guloso_grau,50,clique,5,0.0003001689910888672,0.01739501953125,False,False
guloso_grau,80,random,3,0.0036187171936035156,0.05930328369140625,False,False
guloso_grau,80,scale_free,3,0.0010821819305419922,0.0377349853515625,False,False
guloso_grau,80,clique,5,0.00046062469482421875,0.03122711181640625,False,False
guloso_grau,80,random,3,0.0017070770263671875,0.05808258056640625,False,False
guloso_grau,80,scale_free,3,0.0005195140838623047,0.0365142822265625,False,False
guloso_grau,80,clique,5,0.00039768218994140625,0.03122711181640625,False,False
guloso_grau,80,random,3,0.0007548332214355469,0.05466461181640625,False,False
guloso_grau,80,scale_free,3,0.0004832744598388672,0.0370025634765625,False,False
guloso_grau,80,clique,5,0.00040078163146972656,0.03122711181640625,False,False
guloso_grau,120,random,3,0.003759622573852539,0.10541534423828125,False,False
guloso_grau,120,scale_free,3,0.0013275146484375,0.05146026611328125,False,False
guloso_grau,120,clique,5,0.00067901611328125,0.042755126953125,False,False
guloso_grau,120,random,4,0.0010628700256347656,0.10419464111328125,False,False
guloso_grau,120,scale_free,3,0.0008401870727539062,0.05023956298828125,False,False
guloso_grau,120,clique,5,0.0005919933319091797,0.042266845703125,False,False
guloso_grau,120,random,3,0.001218557357788086,0.10639190673828125,False,False
guloso_grau,120,scale_free,3,0.0008015632629394531,0.05097198486328125,False,False
guloso_grau,120,clique,5,0.0006420612335205078,0.042022705078125,False,False
guloso_grau,200,random,4,0.016275644302368164,0.2451934814453125,False,False
guloso_grau,200,scale_free,3,0.002596139907836914,0.0789337158203125,False,False
guloso_grau,200,clique,5,0.0007991790771484375,0.06485748291015625,False,False
guloso_grau,200,random,4,0.0033698081970214844,0.2466583251953125,False,False
guloso_grau,200,scale_free,3,0.0023267269134521484,0.0806427001953125,False,False
guloso_grau,200,clique,5,0.0007188320159912109,0.06436920166015625,False,False
guloso_grau,200,random,4,0.0035469532012939453,0.2427520751953125,False,False
guloso_grau,200,scale_free,3,0.0010776519775390625,0.0803985595703125,False,False
guloso_grau,200,clique,5,0.0006346702575683594,0.06461334228515625,False,False
guloso_grau,300,random,5,0.008011341094970703,0.4864959716796875,False,False
guloso_grau,300,scale_free,3,0.0019273757934570312,0.1073455810546875,False,False
guloso_grau,300,clique,5,0.0009832382202148438,0.08643341064453125,False,False
guloso_grau,300,random,4,0.006545543670654297,0.4894256591796875,False,False
guloso_grau,300,scale_free,3,0.0022687911987304688,0.1097869873046875,False,False
guloso_grau,300,clique,2,0.0009500980377197266,0.08667755126953125,False,False
guloso_grau,300,random,4,0.005322694778442383,0.4786834716796875,False,False
guloso_grau,300,scale_free,3,0.0013659000396728516,0.1097869873046875,False,False
guloso_grau,300,clique,5,0.0010197162628173828,0.08570098876953125,False,False
guloso_grau,450,random,4,0.015407085418701172,1.0191802978515625,False,False
guloso_grau,450,scale_free,3,0.001972198486328125,0.1871490478515625,False,False
guloso_grau,450,clique,5,0.0017926692962646484,0.1583404541015625,False,False
guloso_grau,450,random,4,0.011329174041748047,1.0240631103515625,False,False
guloso_grau,450,scale_free,3,0.0017352104187011719,0.1898345947265625,False,False
guloso_grau,450,clique,2,0.0014522075653076172,0.1573638916015625,False,False
guloso_grau,450,random,4,0.010513782501220703,1.0240631103515625,False,False
guloso_grau,450,scale_free,3,0.0017957687377929688,0.1905670166015625,False,False
guloso_grau,450,clique,5,0.0014290809631347656,0.1554107666015625,False,False
guloso_grau,700,random,4,0.030501842498779297,2.7095184326171875,False,False
guloso_grau,700,scale_free,3,0.003139495849609375,0.2859344482421875,False,False
guloso_grau,700,clique,5,0.0024449825286865234,0.23108673095703125,False,False
guloso_grau,700,random,4,0.030542373657226562,2.6704559326171875,False,False
guloso_grau,700,scale_free,3,0.002853870391845703,0.28211212158203125,False,False
guloso_grau,700,clique,5,0.0023031234741210938,0.22913360595703125,False,False
guloso_grau,700,random,5,0.022705793380737305,2.6431121826171875,False,False
guloso_grau,700,scale_free,3,0.00278472900390625,0.2820281982421875,False,False
guloso_grau,700,clique,5,0.003160715103149414,0.22962188720703125,False,False
guloso_grau,900,random,4,0.05916309356689453,3.7741546630859375,False,False
guloso_grau,900,scale_free,3,0.004461050033569336,0.3415374755859375,False,False
guloso_grau,900,clique,5,0.0034563541412353516,0.27497100830078125,False,False
guloso_grau,900,random,4,0.05489850044250488,3.7761077880859375,False,False
guloso_grau,900,scale_free,3,0.004457950592041016,0.3395843505859375,False,False
guloso_grau,900,clique,5,0.003336668014526367,0.27277374267578125,False,False
guloso_grau,900,random,5,0.05399608612060547,3.7780609130859375,False,False
guloso_grau,900,scale_free,3,0.004011392593383789,0.3451995849609375,False,False
guloso_grau,900,clique,5,0.003280162811279297,0.27301788330078125,False,False
guloso_grau,1000,random,5,0.06731009483337402,4.1970977783203125,False,False
guloso_grau,1000,scale_free,3,0.004429817199707031,0.3706817626953125,False,False
guloso_grau,1000,clique,5,0.004010677337646484,0.29703521728515625,False,False
guloso_grau,1000,random,4,0.06792664527893066,4.2010040283203125,False,False
guloso_grau,1000,scale_free,3,0.004461526870727539,0.3726348876953125,False,False
guloso_grau,1000,clique,5,0.003525257110595703,0.29483795166015625,False,False
guloso_grau,1000,random,5,0.06328415870666504,4.2010040283203125,False,False
guloso_grau,1000,scale_free,3,0.004639863967895508,0.3748321533203125,False,False
guloso_grau,1000,clique,5,0.0034220218658447266,0.29557037353515625,False,False
guloso_reinicios,30,random,3,0.004194974899291992,0.013641357421875,False,False
guloso_reinicios,30,scale_free,3,0.0007460117340087891,0.01348114013671875,False,False
guloso_reinicios,30,clique,5,0.0006048679351806641,0.01250457763671875,False,False
guloso_reinicios,30,random,3,0.0004162788391113281,0.01323699951171875,False,False
guloso_reinicios,30,scale_free,3,0.0005078315734863281,0.01372528076171875,False,False
guloso_reinicios,30,clique,3,0.00039124488830566406,0.01226043701171875,False,False
guloso_reinicios,30,random,2,0.0003914833068847656,0.01201629638671875,False,False
guloso_reinicios,30,scale_free,3,0.0004990100860595703,0.01323699951171875,False,False
guloso_reinicios,30,clique,2,0.00047898292541503906,0.01226043701171875,False,False
guloso_reinicios,50,random,3,0.0006787776947021484,0.02715301513671875,False,False
guloso_reinicios,50,scale_free,3,0.0005931854248046875,0.020263671875,False,False
guloso_reinicios,50,clique,2,0.0005247592926025391,0.017578125,False,False
guloso_reinicios,50,random,3,0.0006129741668701172,0.0234375,False,False
guloso_reinicios,50,scale_free,3,0.0005574226379394531,0.020751953125,False,False
guloso_reinicios,50,clique,5,0.0005388259887695312,0.0185546875,False,False
guloso_reinicios,50,random,3,0.0005772113800048828,0.023193359375,False,False
guloso_reinicios,50,scale_free,3,0.000560760498046875,0.0205078125,False,False
guloso_reinicios,50,clique,5,0.0005319118499755859,0.01806640625,False,False
guloso_reinicios,80,random,3,0.001239776611328125,0.06041717529296875,False,False
guloso_reinicios,80,scale_free,3,0.0007569789886474609,0.03814697265625,False,False
guloso_reinicios,80,clique,5,0.0007448196411132812,0.03277587890625,False,False
guloso_reinicios,80,random,4,0.00090789794921875,0.05914306640625,False,False
guloso_reinicios,80,scale_free,2,0.0009045600891113281,0.03692626953125,False,False
guloso_reinicios,80,clique,2,0.0006949901580810547,0.03228759765625,False,False
guloso_reinicios,80,random,3,0.001026153564453125,0.05572509765625,False,False
guloso_reinicios,80,scale_free,3,0.0008077621459960938,0.03741455078125,False,False
guloso_reinicios,80,clique,2,0.0007243156433105469,0.03228759765625,False,False
guloso_reinicios,120,random,4,0.0015606880187988281,0.1061859130859375,False,False
guloso_reinicios,120,scale_free,3,0.0011763572692871094,0.05217742919921875,False,False
guloso_reinicios,120,clique,2,0.0009813308715820312,0.04412078857421875,False,False
guloso_reinicios,120,random,3,0.0015716552734375,0.10491180419921875,False,False
guloso_reinicios,120,scale_free,3,0.0012445449829101562,0.05095672607421875,False,False
guloso_reinicios,120,clique,2,0.0010039806365966797,0.04363250732421875,False,False
guloso_reinicios,120,random,3,0.0013561248779296875,0.10710906982421875,False,False
guloso_reinicios,120,scale_free,3,0.0011718273162841797,0.05168914794921875,False,False
guloso_reinicios,120,clique,5,0.0010037422180175781,0.04387664794921875,False,False
guloso_reinicios,200,random,4,0.0025568008422851562,0.24701690673828125,False,False
guloso_reinicios,200,scale_free,3,0.001783609390258789,0.0807037353515625,False,False
guloso_reinicios,200,clique,5,0.0016341209411621094,0.06732177734375,False,False
guloso_reinicios,200,random,4,0.0021588802337646484,0.2484283447265625,False,False
guloso_reinicios,200,scale_free,3,0.0015795230865478516,0.08197021484375,False,False
guloso_reinicios,200,clique,2,0.0015001296997070312,0.06634521484375,False,False
guloso_reinicios,200,random,4,0.0021352767944335938,0.2445220947265625,False,False
guloso_reinicios,200,scale_free,3,0.001573324203491211,0.08172607421875,False,False
guloso_reinicios,200,clique,2,0.0015363693237304688,0.06658935546875,False,False
guloso_reinicios,300,random,3,0.005077362060546875,0.48908233642578125,False,False
guloso_reinicios,300,scale_free,3,0.0027794837951660156,0.10972213745117188,False,False
guloso_reinicios,300,clique,2,0.0025920867919921875,0.08945846557617188,False,False
guloso_reinicios,300,random,4,0.006895303726196289,0.4919586181640625,False,False
guloso_reinicios,300,scale_free,3,0.0031003952026367188,0.11216354370117188,False,False
guloso_reinicios,300,clique,2,0.002518892288208008,0.08970260620117188,False,False
guloso_reinicios,300,random,4,0.006331682205200195,0.4812164306640625,False,False
guloso_reinicios,300,scale_free,3,0.0027894973754882812,0.11216354370117188,False,False
guloso_reinicios,300,clique,2,0.0026276111602783203,0.08872604370117188,False,False
guloso_reinicios,450,random,4,0.0129547119140625,1.0231170654296875,False,False
guloso_reinicios,450,scale_free,3,0.004896640777587891,0.19103240966796875,False,False
guloso_reinicios,450,clique,2,0.004517793655395508,0.16222381591796875,False,False
guloso_reinicios,450,random,4,0.013184070587158203,1.0279464721679688,False,False
guloso_reinicios,450,scale_free,3,0.004854440689086914,0.19371795654296875,False,False
guloso_reinicios,450,clique,3,0.0045473575592041016,0.16124725341796875,False,False
guloso_reinicios,450,random,4,0.011908292770385742,1.0279464721679688,False,False
guloso_reinicios,450,scale_free,3,0.004712104797363281,0.19445037841796875,False,False
guloso_reinicios,450,clique,2,0.004375934600830078,0.15929412841796875,False,False
guloso_reinicios,700,random,5,0.05772972106933594,2.7156448364257812,False,False
guloso_reinicios,700,scale_free,2,0.00915980339050293,0.28961181640625,False,False
guloso_reinicios,700,clique,2,0.008320808410644531,0.23687744140625,False,False
guloso_reinicios,700,random,4,0.027495861053466797,2.6760406494140625,False,False
guloso_reinicios,700,scale_free,3,0.008377313613891602,0.28790283203125,False,False
guloso_reinicios,700,clique,2,0.00762176513671875,0.23492431640625,False,False
guloso_reinicios,700,random,5,0.02536916732788086,2.6491851806640625,False,False
guloso_reinicios,700,scale_free,3,0.008134603500366211,0.28570556640625,False,False
guloso_reinicios,700,clique,2,0.007839441299438477,0.23541259765625,False,False
guloso_reinicios,900,random,4,0.058645009994506836,3.7813186645507812,False,False
guloso_reinicios,900,scale_free,2,0.011922836303710938,0.34674072265625,False,False
guloso_reinicios,900,clique,2,0.011126041412353516,0.28228759765625,False,False
guloso_reinicios,900,random,4,0.06055951118469238,3.7832183837890625,False,False
guloso_reinicios,900,scale_free,2,0.012692689895629883,0.34478759765625,False,False
guloso_reinicios,900,clique,2,0.011398553848266602,0.28009033203125,False,False
guloso_reinicios,900,random,4,0.05855226516723633,3.7851715087890625,False,False
guloso_reinicios,900,scale_free,2,0.01210331916809082,0.35040283203125,False,False
guloso_reinicios,900,clique,2,0.011682987213134766,0.28033447265625,False,False
guloso_reinicios,1000,random,4,0.08211898803710938,4.205024719238281,False,False
guloso_reinicios,1000,scale_free,3,0.014517545700073242,0.37664794921875,False,False
guloso_reinicios,1000,clique,2,0.013421058654785156,0.30511474609375,False,False
guloso_reinicios,1000,random,4,0.07657575607299805,4.2088775634765625,False,False
guloso_reinicios,1000,scale_free,2,0.013746261596679688,0.37860107421875,False,False
guloso_reinicios,1000,clique,2,0.013483524322509766,0.30291748046875,False,False
guloso_reinicios,1000,random,4,0.07635879516601562,4.2088775634765625,False,False
guloso_reinicios,1000,scale_free,3,0.013958930969238281,0.38079833984375,False,False
guloso_reinicios,1000,clique,2,0.013339757919311523,0.30364990234375,False,False
guloso_min_degree,30,random,3,0.0014760494232177734,0.02342987060546875,False,False
guloso_min_degree,30,scale_free,3,0.0003952980041503906,0.02419281005859375,False,False
guloso_min_degree,30,clique,5,0.0004525184631347656,0.02126312255859375,False,False
guloso_min_degree,30,random,3,0.00038123130798339844,0.02370452880859375,False,False
guloso_min_degree,30,scale_free,3,0.00043654441833496094,0.02468109130859375,False,False
guloso_min_degree,30,clique,5,0.0004382133483886719,0.02175140380859375,False,False
guloso_min_degree,30,random,3,0.0003528594970703125,0.02126312255859375,False,False
guloso_min_degree,30,scale_free,3,0.0003914833068847656,0.02370452880859375,False,False
guloso_min_degree,30,clique,5,0.00040340423583984375,0.02175140380859375,False,False
guloso_min_degree,50,random,3,0.0008397102355957031,0.05112457275390625,False,False
guloso_min_degree,50,scale_free,3,0.0008399486541748047,0.03745269775390625,False,False
guloso_min_degree,50,clique,5,0.0008542537689208984,0.03208160400390625,False,False
guloso_min_degree,50,random,3,0.0008752346038818359,0.04380035400390625,False,False
guloso_min_degree,50,scale_free,3,0.0006809234619140625,0.03842926025390625,False,False
guloso_min_degree,50,clique,5,0.0006768703460693359,0.03305816650390625,False,False
guloso_min_degree,50,random,3,0.0008046627044677734,0.04331207275390625,False,False
guloso_min_degree,50,scale_free,3,0.0007226467132568359,0.03794097900390625,False,False
guloso_min_degree,50,clique,5,0.0006883144378662109,0.03305816650390625,False,False
guloso_min_degree,80,random,3,0.0015635490417480469,0.11573028564453125,False,False
guloso_min_degree,80,scale_free,3,0.0013468265533447266,0.07129669189453125,False,False
guloso_min_degree,80,clique,5,0.0013134479522705078,0.05957794189453125,False,False
guloso_min_degree,80,random,3,0.0014710426330566406,0.11328887939453125,False,False
guloso_min_degree,80,scale_free,3,0.0013687610626220703,0.06885528564453125,False,False
guloso_min_degree,80,clique,5,0.0012607574462890625,0.05957794189453125,False,False
guloso_min_degree,80,random,2,0.0015473365783691406,0.10645294189453125,False,False
guloso_min_degree,80,scale_free,3,0.0014510154724121094,0.06983184814453125,False,False
guloso_min_degree,80,clique,5,0.0016391277313232422,0.05970001220703125,False,False
guloso_min_degree,120,random,3,0.0028963088989257812,0.20653533935546875,False,False
guloso_min_degree,120,scale_free,3,0.002401113510131836,0.09886932373046875,False,False
guloso_min_degree,120,clique,5,0.002355337142944336,0.08275604248046875,False,False
guloso_min_degree,120,random,3,0.0028460025787353516,0.20409393310546875,False,False
guloso_min_degree,120,scale_free,3,0.0024192333221435547,0.09642791748046875,False,False
guloso_min_degree,120,clique,5,0.002838611602783203,0.08177947998046875,False,False
guloso_min_degree,120,random,4,0.0029611587524414062,0.20848846435546875,False,False
guloso_min_degree,120,scale_free,3,0.002371549606323242,0.09789276123046875,False,False
guloso_min_degree,120,clique,5,0.002370119094848633,0.08129119873046875,False,False
guloso_min_degree,200,random,3,0.0063664913177490234,0.48584747314453125,False,False
guloso_min_degree,200,scale_free,3,0.005708217620849609,0.15381622314453125,False,False
guloso_min_degree,200,clique,5,0.005509376525878906,0.12696075439453125,False,False
guloso_min_degree,200,random,4,0.0062673091888427734,0.48877716064453125,False,False
guloso_min_degree,200,scale_free,3,0.005496025085449219,0.15723419189453125,False,False
guloso_min_degree,200,clique,5,0.0055086612701416016,0.12598419189453125,False,False
guloso_min_degree,200,random,4,0.0066375732421875,0.48096466064453125,False,False
guloso_min_degree,200,scale_free,3,0.006097316741943359,0.15674591064453125,False,False
guloso_min_degree,200,clique,5,0.00573277473449707,0.12647247314453125,False,False
guloso_min_degree,300,random,3,0.016941308975219727,0.9683914184570312,False,False
guloso_min_degree,300,scale_free,3,0.012790441513061523,0.21051788330078125,False,False
guloso_min_degree,300,clique,5,0.011462211608886719,0.16999053955078125,False,False
guloso_min_degree,300,random,4,0.016542911529541016,0.9741897583007812,False,False
guloso_min_degree,300,scale_free,3,0.012148380279541016,0.21540069580078125,False,False
guloso_min_degree,300,clique,5,0.012128829956054688,0.17047882080078125,False,False
guloso_min_degree,300,random,4,0.016146183013916016,0.9527053833007812,False,False
guloso_min_degree,300,scale_free,3,0.011513710021972656,0.21540069580078125,False,False
guloso_min_degree,300,clique,5,0.011698246002197266,0.16852569580078125,False,False
guloso_min_degree,450,random,4,0.03444862365722656,2.0286483764648438,False,False
guloso_min_degree,450,scale_free,3,0.02411174774169922,0.36556243896484375,False,False
guloso_min_degree,450,clique,5,0.02567744255065918,0.30794525146484375,False,False
guloso_min_degree,450,random,3,0.03599905967712402,2.0384140014648438,False,False
guloso_min_degree,450,scale_free,3,0.024265050888061523,0.37093353271484375,False,False
guloso_min_degree,450,clique,5,0.025605440139770508,0.30599212646484375,False,False
guloso_min_degree,450,random,3,0.03594064712524414,2.0384140014648438,False,False
guloso_min_degree,450,scale_free,3,0.025179147720336914,0.37239837646484375,False,False
guloso_min_degree,450,clique,5,0.024962902069091797,0.30208587646484375,False,False
guloso_min_degree,700,random,4,0.12066483497619629,5.404121398925781,False,False
guloso_min_degree,700,scale_free,3,0.07362580299377441,0.5589065551757812,False,False
guloso_min_degree,700,clique,5,0.12411642074584961,0.45343780517578125,False,False
guloso_min_degree,700,random,3,0.16370940208435059,5.325996398925781,False,False
guloso_min_degree,700,scale_free,3,0.10468816757202148,0.5556106567382812,False,False
guloso_min_degree,700,clique,5,0.0880284309387207,0.44953155517578125,False,False
guloso_min_degree,700,random,4,0.11935281753540039,5.271308898925781,False,False
guloso_min_degree,700,scale_free,3,0.07163643836975098,0.5512161254882812,False,False
guloso_min_degree,700,clique,5,0.06758761405944824,0.45063018798828125,False,False
guloso_min_degree,900,random,4,0.17805242538452148,7.533515930175781,False,False
guloso_min_degree,900,scale_free,3,0.09299540519714355,0.6702346801757812,False,False
guloso_min_degree,900,clique,5,0.09106016159057617,0.5412063598632812,False,False
guloso_min_degree,900,random,4,0.15675663948059082,7.537300109863281,False,False
guloso_min_degree,900,scale_free,3,0.08852028846740723,0.6663284301757812,False,False
guloso_min_degree,900,clique,5,0.08661103248596191,0.5369338989257812,False,False
guloso_min_degree,900,random,4,0.1518247127532959,7.539375305175781,False,False
guloso_min_degree,900,scale_free,3,0.08082056045532227,0.6775588989257812,False,False
guloso_min_degree,900,clique,5,0.08246302604675293,0.5373001098632812,False,False
guloso_min_degree,1000,random,4,0.26897215843200684,8.377326965332031,False,False
guloso_min_degree,1000,scale_free,3,0.13777947425842285,0.7285232543945312,False,False
guloso_min_degree,1000,clique,5,13.96708631515503,0.5854568481445312,False,False
guloso_min_degree,1000,random,4,-13.52323603630066,8.385261535644531,False,False
guloso_min_degree,1000,scale_free,3,0.14020442962646484,0.7324295043945312,False,False
guloso_min_degree,1000,clique,5,0.21811342239379883,0.5809402465820312,False,False
guloso_min_degree,1000,random,4,0.2236173152923584,8.385139465332031,False,False
guloso_min_degree,1000,scale_free,3,0.11580634117126465,0.7368240356445312,False,False
guloso_min_degree,1000,clique,5,0.11410331726074219,0.5825271606445312,False,False
guloso_core,30,random,2,0.0013260841369628906,0.013580322265625,False,False
guloso_core,30,scale_free,3,0.00032210350036621094,0.0127105712890625,False,False
guloso_core,30,clique,5,0.0002818107604980469,0.0112457275390625,False,False
guloso_core,30,random,3,0.0003190040588378906,0.0124664306640625,False,False
guloso_core,30,scale_free,2,0.0003802776336669922,0.0129547119140625,False,False
guloso_core,30,clique,5,0.0002894401550292969,0.0114898681640625,False,False
guloso_core,30,random,2,0.0003275871276855469,0.0112457275390625,False,False
guloso_core,30,scale_free,3,0.0003421306610107422,0.0124664306640625,False,False
guloso_core,30,clique,5,0.0003197193145751953,0.0114898681640625,False,False
guloso_core,50,random,2,0.000705718994140625,0.02874755859375,False,False
guloso_core,50,scale_free,3,0.0006556510925292969,0.02191162109375,False,False
guloso_core,50,clique,5,0.0005590915679931641,0.01922607421875,False,False
guloso_core,50,random,2,0.0005240440368652344,0.02508544921875,False,False
guloso_core,50,scale_free,3,0.00045943260192871094,0.02239990234375,False,False
guloso_core,50,clique,5,0.0004899501800537109,0.01971435546875,False,False
guloso_core,50,random,2,0.0007135868072509766,0.02484130859375,False,False
guloso_core,50,scale_free,3,0.0005619525909423828,0.02215576171875,False,False
guloso_core,50,clique,5,0.0004534721374511719,0.01971435546875,False,False
guloso_core,80,random,2,0.001798391342163086,0.0547332763671875,False,False
guloso_core,80,scale_free,3,0.0014641284942626953,0.0325164794921875,False,False
guloso_core,80,clique,5,0.0009112358093261719,0.0266571044921875,False,False
guloso_core,80,random,3,0.001558065414428711,0.0535125732421875,False,False
guloso_core,80,scale_free,3,0.0008840560913085938,0.0312957763671875,False,False
guloso_core,80,clique,5,0.0007560253143310547,0.0266571044921875,False,False
guloso_core,80,random,2,0.0010285377502441406,0.0500946044921875,False,False
guloso_core,80,scale_free,3,0.0008339881896972656,0.0317840576171875,False,False
guloso_core,80,clique,5,0.0007832050323486328,0.0267791748046875,False,False
guloso_core,120,random,3,0.001817941665649414,0.10595703125,False,False
guloso_core,120,scale_free,3,0.0014193058013916016,0.052001953125,False,False
guloso_core,120,clique,5,0.0013914108276367188,0.0439453125,False,False
guloso_core,120,random,2,0.0028624534606933594,0.104736328125,False,False
guloso_core,120,scale_free,3,0.0014681816101074219,0.05078125,False,False
guloso_core,120,clique,5,0.0013692378997802734,0.04345703125,False,False
guloso_core,120,random,2,0.0017573833465576172,0.10693359375,False,False
guloso_core,120,scale_free,3,0.0013630390167236328,0.051513671875,False,False
guloso_core,120,clique,5,0.001260995864868164,0.043212890625,False,False
guloso_core,200,random,3,0.0038666725158691406,0.2568206787109375,False,False
guloso_core,200,scale_free,2,0.003003835678100586,0.0905609130859375,False,False
guloso_core,200,clique,5,0.002633333206176758,0.0771331787109375,False,False
guloso_core,200,random,3,0.003705739974975586,0.2582855224609375,False,False
guloso_core,200,scale_free,2,0.0027000904083251953,0.0922698974609375,False,False
guloso_core,200,clique,5,0.002653837203979492,0.0766448974609375,False,False
guloso_core,200,random,3,0.003945589065551758,0.2543792724609375,False,False
guloso_core,200,scale_free,2,0.002866506576538086,0.0920257568359375,False,False
guloso_core,200,clique,5,0.0026748180389404297,0.0768890380859375,False,False
guloso_core,300,random,3,0.00950932502746582,0.4991302490234375,False,False
guloso_core,300,scale_free,2,0.005713939666748047,0.1199798583984375,False,False
guloso_core,300,clique,5,0.005254030227661133,0.0997161865234375,False,False
guloso_core,300,random,3,0.010296344757080078,0.5020599365234375,False,False
guloso_core,300,scale_free,2,0.005559206008911133,0.1224212646484375,False,False
guloso_core,300,clique,5,0.0051076412200927734,0.0999603271484375,False,False
guloso_core,300,random,3,0.010026931762695312,0.4913177490234375,False,False
guloso_core,300,scale_free,2,0.005274534225463867,0.1224212646484375,False,False
guloso_core,300,clique,5,0.0051763057708740234,0.0989837646484375,False,False
guloso_core,450,random,3,0.02004837989807129,1.0248260498046875,False,False
guloso_core,450,scale_free,2,0.010964155197143555,0.1927947998046875,False,False
guloso_core,450,clique,5,0.010389328002929688,0.1639862060546875,False,False
guloso_core,450,random,3,0.020000934600830078,1.0297088623046875,False,False
guloso_core,450,scale_free,2,0.010803699493408203,0.1954803466796875,False,False
guloso_core,450,clique,5,0.010725259780883789,0.1630096435546875,False,False
guloso_core,450,random,3,0.0205686092376709,1.0297088623046875,False,False
guloso_core,450,scale_free,2,0.01048731803894043,0.1962127685546875,False,False
guloso_core,450,clique,5,0.010353803634643555,0.1610565185546875,False,False
guloso_core,700,random,3,0.05337858200073242,2.7560882568359375,False,False
guloso_core,700,scale_free,2,0.039025068283081055,0.3325042724609375,False,False
guloso_core,700,clique,5,0.028458595275878906,0.2797698974609375,False,False
guloso_core,700,random,3,0.0522923469543457,2.7170257568359375,False,False
guloso_core,700,scale_free,2,0.024755477905273438,0.3307952880859375,False,False
guloso_core,700,clique,5,0.024283170700073242,0.2778167724609375,False,False
guloso_core,700,random,4,0.04901003837585449,2.6896820068359375,False,False
guloso_core,700,scale_free,2,0.02449202537536621,0.3285980224609375,False,False
guloso_core,700,clique,5,0.02368927001953125,0.2783050537109375,False,False
guloso_core,900,random,3,0.09772181510925293,3.8227081298828125,False,False
guloso_core,900,scale_free,2,0.03706955909729004,0.3900909423828125,False,False
guloso_core,900,clique,5,0.03833580017089844,0.3256378173828125,False,False
guloso_core,900,random,3,0.08866763114929199,3.8246612548828125,False,False
guloso_core,900,scale_free,2,0.036314964294433594,0.3881378173828125,False,False
guloso_core,900,clique,5,0.03560042381286621,0.3235626220703125,False,False
guloso_core,900,random,4,0.08900618553161621,3.8266143798828125,False,False
guloso_core,900,scale_free,2,0.03758811950683594,0.3937530517578125,False,False
guloso_core,900,clique,5,0.038245201110839844,0.3236846923828125,False,False
guloso_core,1000,random,3,0.10625815391540527,4.2477569580078125,False,False
guloso_core,1000,scale_free,2,0.04485344886779785,0.4214630126953125,False,False
guloso_core,1000,clique,5,0.04793095588684082,0.3499298095703125,False,False
guloso_core,1000,random,4,0.12374234199523926,4.2517852783203125,False,False
guloso_core,1000,scale_free,2,0.049890756607055664,0.4234161376953125,False,False
guloso_core,1000,clique,5,0.05368828773498535,0.3477325439453125,False,False
guloso_core,1000,random,4,0.12021136283874512,4.2517852783203125,False,False
guloso_core,1000,scale_free,2,0.04832863807678223,0.4256134033203125,False,False
guloso_core,1000,clique,5,0.047762393951416016,0.3484649658203125,False,False
heuristica_coloring,30,random,3,0.0008358955383300781,0.01358795166015625,False,False
heuristica_coloring,30,scale_free,3,0.00027942657470703125,0.011932373046875,False,False
heuristica_coloring,30,clique,5,0.00028014183044433594,0.0106048583984375,False,False
heuristica_coloring,30,random,3,0.0005533695220947266,0.011688232421875,False,False
heuristica_coloring,30,scale_free,3,0.0002853870391845703,0.012176513671875,False,False
heuristica_coloring,30,clique,5,0.0002903938293457031,0.0108489990234375,False,False
heuristica_coloring,30,random,2,0.00025582313537597656,0.010467529296875,False,False
heuristica_coloring,30,scale_free,3,0.00025773048400878906,0.011688232421875,False,False
heuristica_coloring,30,clique,5,0.000240325927734375,0.0108489990234375,False,False
heuristica_coloring,50,random,3,0.0004584789276123047,0.02710723876953125,False,False
heuristica_coloring,50,scale_free,3,0.0004496574401855469,0.02027130126953125,False,False
heuristica_coloring,50,clique,5,0.00042629241943359375,0.01758575439453125,False,False
heuristica_coloring,50,random,3,0.0005559921264648438,0.02344512939453125,False,False
heuristica_coloring,50,scale_free,3,0.0004961490631103516,0.02075958251953125,False,False
heuristica_coloring,50,clique,5,0.0004494190216064453,0.01807403564453125,False,False
heuristica_coloring,50,random,2,0.00047278404235839844,0.02320098876953125,False,False
heuristica_coloring,50,scale_free,3,0.00048828125,0.02051544189453125,False,False
heuristica_coloring,50,clique,5,0.00035500526428222656,0.01807403564453125,False,False
heuristica_coloring,80,random,3,0.0008039474487304688,0.05304718017578125,False,False
heuristica_coloring,80,scale_free,3,0.0006153583526611328,0.03083038330078125,False,False
heuristica_coloring,80,clique,5,0.0005958080291748047,0.02497100830078125,False,False
heuristica_coloring,80,random,3,0.0007185935974121094,0.0518951416015625,False,False
heuristica_coloring,80,scale_free,3,0.0005993843078613281,0.02960968017578125,False,False
heuristica_coloring,80,clique,5,0.0004954338073730469,0.02497100830078125,False,False
heuristica_coloring,80,random,3,0.0007505416870117188,0.04840850830078125,False,False
heuristica_coloring,80,scale_free,3,0.0005652904510498047,0.03009796142578125,False,False
heuristica_coloring,80,clique,3,0.0005316734313964844,0.02503204345703125,False,False
heuristica_coloring,120,random,3,0.0013608932495117188,0.10223388671875,False,False
heuristica_coloring,120,scale_free,3,0.0009875297546386719,0.04827880859375,False,False
heuristica_coloring,120,clique,5,0.0008366107940673828,0.04022216796875,False,False
heuristica_coloring,120,random,4,0.0012176036834716797,0.10101318359375,False,False
heuristica_coloring,120,scale_free,3,0.0008313655853271484,0.04705810546875,False,False
heuristica_coloring,120,clique,5,0.0007297992706298828,0.03973388671875,False,False
heuristica_coloring,120,random,3,0.001232147216796875,0.10321044921875,False,False
heuristica_coloring,120,scale_free,3,0.0008070468902587891,0.04779052734375,False,False
heuristica_coloring,120,clique,5,0.0007262229919433594,0.03948974609375,False,False
heuristica_coloring,200,random,3,0.0022830963134765625,0.24982452392578125,False,False
heuristica_coloring,200,scale_free,3,0.0012173652648925781,0.08307647705078125,False,False
heuristica_coloring,200,clique,5,0.0010936260223388672,0.06964874267578125,False,False
heuristica_coloring,200,random,3,0.0021407604217529297,0.25128936767578125,False,False
heuristica_coloring,200,scale_free,3,0.001271963119506836,0.08478546142578125,False,False
heuristica_coloring,200,clique,5,0.0014386177062988281,0.06916046142578125,False,False
heuristica_coloring,200,random,3,0.0024993419647216797,0.24738311767578125,False,False
heuristica_coloring,200,scale_free,3,0.0011997222900390625,0.08454132080078125,False,False
heuristica_coloring,200,clique,5,0.0012247562408447266,0.06940460205078125,False,False
heuristica_coloring,300,random,3,0.0054302215576171875,0.49188995361328125,False,False
heuristica_coloring,300,scale_free,3,0.0018739700317382812,0.11225128173828125,False,False
heuristica_coloring,300,clique,5,0.0016818046569824219,0.09198760986328125,False,False
heuristica_coloring,300,random,4,0.006591796875,0.49481964111328125,False,False
heuristica_coloring,300,scale_free,3,0.002175569534301758,0.11469268798828125,False,False
heuristica_coloring,300,clique,2,0.0018858909606933594,0.09223175048828125,False,False
heuristica_coloring,300,random,4,0.006413459777832031,0.48407745361328125,False,False
heuristica_coloring,300,scale_free,3,0.0021674633026123047,0.11469268798828125,False,False
heuristica_coloring,300,clique,5,0.0018610954284667969,0.09125518798828125,False,False
heuristica_coloring,450,random,4,0.012389183044433594,1.01019287109375,False,False
heuristica_coloring,450,scale_free,3,0.002993345260620117,0.17767333984375,False,False
heuristica_coloring,450,clique,5,0.0027875900268554688,0.14886474609375,False,False
heuristica_coloring,450,random,4,0.01196599006652832,1.01507568359375,False,False
heuristica_coloring,450,scale_free,3,0.0032689571380615234,0.18035888671875,False,False
heuristica_coloring,450,clique,2,0.002652883529663086,0.14788818359375,False,False
heuristica_coloring,450,random,4,0.01250314712524414,1.01507568359375,False,False
heuristica_coloring,450,scale_free,3,0.003440380096435547,0.18109130859375,False,False
heuristica_coloring,450,clique,5,0.0026993751525878906,0.14593505859375,False,False
heuristica_coloring,700,random,4,0.02968001365661621,2.7281570434570312,False,False
heuristica_coloring,700,scale_free,3,0.0047757625579833984,0.30261993408203125,False,False
heuristica_coloring,700,clique,5,0.004187583923339844,0.24988555908203125,False,False
heuristica_coloring,700,random,4,0.028577804565429688,2.6890945434570312,False,False
heuristica_coloring,700,scale_free,3,0.00504755973815918,0.30091094970703125,False,False
heuristica_coloring,700,clique,5,0.004880189895629883,0.24793243408203125,False,False
heuristica_coloring,700,random,4,0.027556419372558594,2.6617507934570312,False,False
heuristica_coloring,700,scale_free,3,0.005177974700927734,0.29871368408203125,False,False
heuristica_coloring,700,clique,5,0.004251003265380859,0.24842071533203125,False,False
heuristica_coloring,900,random,4,0.05942535400390625,3.7943191528320312,False,False
heuristica_coloring,900,scale_free,3,0.0060193538665771484,0.35974884033203125,False,False
heuristica_coloring,900,clique,5,0.005403995513916016,0.29529571533203125,False,False
heuristica_coloring,900,random,3,0.05798816680908203,3.7962722778320312,False,False
heuristica_coloring,900,scale_free,3,0.0060272216796875,0.35779571533203125,False,False
heuristica_coloring,900,clique,5,0.0056383609771728516,0.29309844970703125,False,False
heuristica_coloring,900,random,4,0.05807828903198242,3.7982254028320312,False,False
heuristica_coloring,900,scale_free,3,0.005921125411987305,0.36341094970703125,False,False
heuristica_coloring,900,clique,5,0.0054607391357421875,0.29334259033203125,False,False
heuristica_coloring,1000,random,4,0.07963848114013672,4.218025207519531,False,False
heuristica_coloring,1000,scale_free,3,0.006523847579956055,0.38971710205078125,False,False
heuristica_coloring,1000,clique,5,0.006512641906738281,0.31818389892578125,False,False
heuristica_coloring,1000,random,4,0.07503795623779297,4.221992492675781,False,False
heuristica_coloring,1000,scale_free,3,0.0070476531982421875,0.39167022705078125,False,False
heuristica_coloring,1000,clique,5,0.006023406982421875,0.31592559814453125,False,False
heuristica_coloring,1000,random,4,0.06897783279418945,4.221931457519531,False,False
heuristica_coloring,1000,scale_free,3,0.00699925422668457,0.39380645751953125,False,False
heuristica_coloring,1000,clique,5,0.006458282470703125,0.31665802001953125,False,False
heuristica_local_search,30,random,3,0.003126859664916992,0.0216827392578125,False,False
heuristica_local_search,30,scale_free,3,0.0007467269897460938,0.02324676513671875,False,False
heuristica_local_search,30,clique,5,0.0008399486541748047,0.02080535888671875,False,False
heuristica_local_search,30,random,3,0.0006365776062011719,0.02275848388671875,False,False
heuristica_local_search,30,scale_free,3,0.0006773471832275391,0.02373504638671875,False,False
heuristica_local_search,30,clique,5,0.0009036064147949219,0.02129364013671875,False,False
heuristica_local_search,30,random,3,0.0007655620574951172,0.02031707763671875,False,False
heuristica_local_search,30,scale_free,3,0.0008256435394287109,0.02275848388671875,False,False
heuristica_local_search,30,clique,5,0.0007455348968505859,0.02129364013671875,False,False
heuristica_local_search,50,random,3,0.0009088516235351562,0.050384521484375,False,False
heuristica_local_search,50,scale_free,3,0.0009191036224365234,0.03665924072265625,False,False
heuristica_local_search,50,clique,2,0.0007081031799316406,0.03128814697265625,False,False
heuristica_local_search,50,random,3,0.0009257793426513672,0.043392181396484375,False,False
heuristica_local_search,50,scale_free,3,0.0009281635284423828,0.03763580322265625,False,False
heuristica_local_search,50,clique,5,0.0011212825775146484,0.03275299072265625,False,False
heuristica_local_search,50,random,4,0.0011594295501708984,0.04251861572265625,False,False
heuristica_local_search,50,scale_free,3,0.0010848045349121094,0.03714752197265625,False,False
heuristica_local_search,50,clique,2,0.0008480548858642578,0.03226470947265625,False,False
heuristica_local_search,80,random,4,0.001871347427368164,0.1093597412109375,False,False
heuristica_local_search,80,scale_free,3,0.0012412071228027344,0.06487274169921875,False,False
heuristica_local_search,80,clique,2,0.0009846687316894531,0.05315399169921875,False,False
heuristica_local_search,80,random,3,0.0015380382537841797,0.10686492919921875,False,False
heuristica_local_search,80,scale_free,2,0.001142740249633789,0.06243133544921875,False,False
heuristica_local_search,80,clique,2,0.0011022090911865234,0.05315399169921875,False,False
heuristica_local_search,80,random,3,0.00136566162109375,0.10002899169921875,False,False
heuristica_local_search,80,scale_free,3,0.0013954639434814453,0.06346893310546875,False,False
heuristica_local_search,80,clique,2,0.0010631084442138672,0.05333709716796875,False,False
heuristica_local_search,120,random,3,0.003021717071533203,0.200775146484375,False,False
heuristica_local_search,120,scale_free,3,0.0035207271575927734,0.09281158447265625,False,False
heuristica_local_search,120,clique,3,0.003015279769897461,0.07669830322265625,False,False
heuristica_local_search,120,random,4,0.004216909408569336,0.19828033447265625,False,False
heuristica_local_search,120,scale_free,3,0.0022690296173095703,0.09037017822265625,False,False
heuristica_local_search,120,clique,2,0.0015006065368652344,0.07572174072265625,False,False
heuristica_local_search,120,random,3,0.0021750926971435547,0.20267486572265625,False,False
heuristica_local_search,120,scale_free,3,0.0018188953399658203,0.09183502197265625,False,False
heuristica_local_search,120,clique,2,0.0013988018035888672,0.07523345947265625,False,False
heuristica_local_search,200,random,4,0.0044841766357421875,0.48138427734375,False,False
heuristica_local_search,200,scale_free,2,0.0029718875885009766,0.14836883544921875,False,False
heuristica_local_search,200,clique,2,0.0022742748260498047,0.12151336669921875,False,False
heuristica_local_search,200,random,4,0.005236148834228516,0.48426055908203125,False,False
heuristica_local_search,200,scale_free,3,0.0029120445251464844,0.15178680419921875,False,False
heuristica_local_search,200,clique,2,0.0025322437286376953,0.12053680419921875,False,False
heuristica_local_search,200,random,4,0.004536151885986328,0.47644805908203125,False,False
heuristica_local_search,200,scale_free,3,0.003493785858154297,0.15129852294921875,False,False
heuristica_local_search,200,clique,2,0.002437591552734375,0.12102508544921875,False,False
heuristica_local_search,300,random,4,0.00891423225402832,0.964691162109375,False,False
heuristica_local_search,300,scale_free,3,0.0048675537109375,0.20603179931640625,False,False
heuristica_local_search,300,clique,2,0.0038056373596191406,0.16553115844726562,False,False
heuristica_local_search,300,random,4,0.009565591812133789,0.9703750610351562,False,False
heuristica_local_search,300,scale_free,3,0.006101846694946289,0.21094131469726562,False,False
heuristica_local_search,300,clique,3,0.004255056381225586,0.16601943969726562,False,False
heuristica_local_search,300,random,4,0.010661602020263672,0.9488906860351562,False,False
heuristica_local_search,300,scale_free,3,0.004504680633544922,0.21094131469726562,False,False
heuristica_local_search,300,clique,2,0.0035479068756103516,0.16406631469726562,False,False
heuristica_local_search,450,random,4,0.016279220581054688,2.0026397705078125,False,False
heuristica_local_search,450,scale_free,2,0.006888151168823242,0.33852386474609375,False,False
heuristica_local_search,450,clique,5,0.009648323059082031,0.28139495849609375,False,False
heuristica_local_search,450,random,5,0.021932125091552734,2.0128402709960938,False,False
heuristica_local_search,450,scale_free,2,0.006918907165527344,0.34389495849609375,False,False
heuristica_local_search,450,clique,5,0.010521650314331055,0.27944183349609375,False,False
heuristica_local_search,450,random,4,0.017642974853515625,2.0123519897460938,False,False
heuristica_local_search,450,scale_free,3,0.007988214492797852,0.34535980224609375,False,False
heuristica_local_search,450,clique,2,0.0071256160736083984,0.27504730224609375,False,False
heuristica_local_search,700,random,4,0.0400693416595459,5.382904052734375,False,False
heuristica_local_search,700,scale_free,3,0.01318049430847168,0.5337753295898438,False,False
heuristica_local_search,700,clique,2,0.011057853698730469,0.42830657958984375,False,False
heuristica_local_search,700,random,4,0.035828351974487305,5.302818298339844,False,False
heuristica_local_search,700,scale_free,2,0.011157512664794922,0.5305404663085938,False,False
heuristica_local_search,700,clique,2,0.010342121124267578,0.42440032958984375,False,False
heuristica_local_search,700,random,4,0.035843849182128906,5.250038146972656,False,False
heuristica_local_search,700,scale_free,2,0.011167526245117188,0.5261459350585938,False,False
heuristica_local_search,700,clique,2,0.010399341583251953,0.42555999755859375,False,False
heuristica_local_search,900,random,4,0.0725247859954834,7.513885498046875,False,False
heuristica_local_search,900,scale_free,2,0.016280651092529297,0.6466903686523438,False,False
heuristica_local_search,900,clique,2,0.015509605407714844,0.5176010131835938,False,False
heuristica_local_search,900,random,5,0.07648706436157227,7.518104553222656,False,False
heuristica_local_search,900,scale_free,2,0.016005516052246094,0.6427841186523438,False,False
heuristica_local_search,900,clique,2,0.01546478271484375,0.5133895874023438,False,False
heuristica_local_search,900,random,4,0.07371735572814941,7.521644592285156,False,False
heuristica_local_search,900,scale_free,2,0.015765905380249023,0.6540145874023438,False,False
heuristica_local_search,900,clique,2,0.015655040740966797,0.5136947631835938,False,False
heuristica_local_search,1000,random,4,0.0874030590057373,8.36041259765625,False,False
heuristica_local_search,1000,scale_free,3,0.01805734634399414,0.7057418823242188,False,False
heuristica_local_search,1000,clique,2,0.015295743942260742,0.5626754760742188,False,False
heuristica_local_search,1000,random,4,0.08034062385559082,8.368293762207031,False,False
heuristica_local_search,1000,scale_free,2,0.01699066162109375,0.7096481323242188,False,False
heuristica_local_search,1000,clique,2,0.017186641693115234,0.5580978393554688,False,False
heuristica_local_search,1000,random,4,0.08317875862121582,8.368171691894531,False,False
heuristica_local_search,1000,scale_free,3,0.019032001495361328,0.7140426635742188,False,False
heuristica_local_search,1000,clique,2,0.016653776168823242,0.5597457885742188,False,False
meta_heuristica_genetico,30,random,3,0.07479262351989746,0.037384033203125,False,False
meta_heuristica_genetico,30,scale_free,3,0.06526660919189453,0.03002166748046875,False,False
meta_heuristica_genetico,30,clique,5,0.06980538368225098,0.06517791748046875,False,False
meta_heuristica_genetico,30,random,3,13.85664176940918,0.02977752685546875,False,False
meta_heuristica_genetico,30,scale_free,3,0.06610512733459473,0.03026580810546875,False,False
meta_heuristica_genetico,30,clique,5,-13.733930826187134,0.06542205810546875,False,False
meta_heuristica_genetico,30,random,3,0.07315683364868164,0.02855682373046875,False,False
meta_heuristica_genetico,30,scale_free,3,0.06443428993225098,0.02977752685546875,False,False
meta_heuristica_genetico,30,clique,5,0.07161307334899902,0.06542205810546875,False,False
meta_heuristica_genetico,50,random,3,0.06850290298461914,0.044464111328125,False,False
meta_heuristica_genetico,50,scale_free,3,0.06720256805419922,0.037628173828125,False,False
meta_heuristica_genetico,50,clique,5,0.0755455493927002,0.071563720703125,False,False
meta_heuristica_genetico,50,random,3,0.06864643096923828,0.040802001953125,False,False
meta_heuristica_genetico,50,scale_free,3,0.06371879577636719,0.038116455078125,False,False
meta_heuristica_genetico,50,clique,5,0.07275867462158203,0.072052001953125,False,False
meta_heuristica_genetico,50,random,3,0.07240152359008789,0.040557861328125,False,False
meta_heuristica_genetico,50,scale_free,3,0.06335711479187012,0.037872314453125,False,False
meta_heuristica_genetico,50,clique,5,0.07273674011230469,0.072052001953125,False,False
meta_heuristica_genetico,80,random,4,0.07052469253540039,0.0779876708984375,False,False
meta_heuristica_genetico,80,scale_free,3,0.07074952125549316,0.0557708740234375,False,False
meta_heuristica_genetico,80,clique,5,0.07488274574279785,0.08672428131103516,False,False
meta_heuristica_genetico,80,random,4,0.06508779525756836,0.0767669677734375,False,False
meta_heuristica_genetico,80,scale_free,3,0.06484246253967285,0.0545501708984375,False,False
meta_heuristica_genetico,80,clique,5,0.06846833229064941,0.0865325927734375,False,False
meta_heuristica_genetico,80,random,3,0.06844282150268555,0.0733489990234375,False,False
meta_heuristica_genetico,80,scale_free,3,0.06472516059875488,0.0550384521484375,False,False
meta_heuristica_genetico,80,clique,5,0.07060623168945312,0.0865325927734375,False,False
meta_heuristica_genetico,120,random,3,0.06995153427124023,0.12345123291015625,False,False
meta_heuristica_genetico,120,scale_free,3,0.06506967544555664,0.06949615478515625,False,False
meta_heuristica_genetico,120,clique,5,0.07781720161437988,0.09806060791015625,False,False
meta_heuristica_genetico,120,random,4,0.08194088935852051,0.12223052978515625,False,False
meta_heuristica_genetico,120,scale_free,3,0.09201240539550781,0.06827545166015625,False,False
meta_heuristica_genetico,120,clique,2,0.06700754165649414,0.06095123291015625,False,False
meta_heuristica_genetico,120,random,4,0.07182741165161133,0.12442779541015625,False,False
meta_heuristica_genetico,120,scale_free,3,0.07597804069519043,0.06900787353515625,False,False
meta_heuristica_genetico,120,clique,5,0.08650493621826172,0.09732818603515625,False,False
meta_heuristica_genetico,200,random,4,0.10142207145690918,0.2671356201171875,False,False
meta_heuristica_genetico,200,scale_free,3,0.09346437454223633,0.1008758544921875,False,False
meta_heuristica_genetico,200,clique,3,0.08474254608154297,0.0874481201171875,False,False
meta_heuristica_genetico,200,random,4,0.09491848945617676,0.2686004638671875,False,False
meta_heuristica_genetico,200,scale_free,3,0.07621002197265625,0.1025848388671875,False,False
meta_heuristica_genetico,200,clique,5,0.16739392280578613,0.1235809326171875,False,False
meta_heuristica_genetico,200,random,4,0.11361360549926758,0.2646942138671875,False,False
meta_heuristica_genetico,200,scale_free,3,0.09221911430358887,0.1023406982421875,False,False
meta_heuristica_genetico,200,clique,5,0.1917729377746582,0.1238250732421875,False,False
meta_heuristica_genetico,300,random,4,0.13736939430236816,0.5162506103515625,False,False
meta_heuristica_genetico,300,scale_free,3,0.10124635696411133,0.1371002197265625,False,False
meta_heuristica_genetico,300,clique,2,0.09935712814331055,0.1168365478515625,False,False
meta_heuristica_genetico,300,random,5,0.12164950370788574,0.5558013916015625,False,False
meta_heuristica_genetico,300,scale_free,3,0.10824966430664062,0.1395416259765625,False,False
meta_heuristica_genetico,300,clique,5,0.10728192329406738,0.1537017822265625,False,False
meta_heuristica_genetico,300,random,4,0.11240100860595703,0.5084381103515625,False,False
meta_heuristica_genetico,300,scale_free,3,0.10369658470153809,0.1395416259765625,False,False
meta_heuristica_genetico,300,clique,5,0.11083221435546875,0.1527252197265625,False,False
meta_heuristica_genetico,450,random,4,0.13894963264465332,1.0437240600585938,False,False
meta_heuristica_genetico,450,scale_free,3,0.10927557945251465,0.21169281005859375,False,False
meta_heuristica_genetico,450,clique,5,0.12088751792907715,0.21950531005859375,False,False
meta_heuristica_genetico,450,random,4,0.13379836082458496,1.0486068725585938,False,False
meta_heuristica_genetico,450,scale_free,3,0.10599088668823242,0.21437835693359375,False,False
meta_heuristica_genetico,450,clique,2,13.911307573318481,0.18190765380859375,False,False
meta_heuristica_genetico,450,random,4,0.12622928619384766,1.0486068725585938,False,False
meta_heuristica_genetico,450,scale_free,3,-13.702861785888672,0.21511077880859375,False,False
meta_heuristica_genetico,450,clique,2,0.09893298149108887,0.17995452880859375,False,False
meta_heuristica_genetico,700,random,5,0.15936017036437988,2.7841949462890625,False,False
meta_heuristica_genetico,700,scale_free,3,0.12952446937561035,0.3239898681640625,False,False
meta_heuristica_genetico,700,clique,5,0.1349470615386963,0.3078765869140625,False,False
meta_heuristica_genetico,700,random,5,0.1590590476989746,2.7451324462890625,False,False
meta_heuristica_genetico,700,scale_free,3,0.1243143081665039,0.3222808837890625,False,False
meta_heuristica_genetico,700,clique,2,0.1259784698486328,0.2693023681640625,False,False
meta_heuristica_genetico,700,random,5,0.29008960723876953,2.7177886962890625,False,False
meta_heuristica_genetico,700,scale_free,3,0.17456507682800293,0.3200836181640625,False,False
meta_heuristica_genetico,700,clique,3,0.14606094360351562,0.2697906494140625,False,False
meta_heuristica_genetico,900,random,5,0.23259782791137695,3.8488311767578125,False,False
meta_heuristica_genetico,900,scale_free,3,0.16038298606872559,0.3795928955078125,False,False
meta_heuristica_genetico,900,clique,5,0.16819238662719727,0.3517608642578125,False,False
meta_heuristica_genetico,900,random,5,0.20317864418029785,3.8507843017578125,False,False
meta_heuristica_genetico,900,scale_free,3,0.1480865478515625,0.3776397705078125,False,False
meta_heuristica_genetico,900,clique,2,0.16199159622192383,0.3129425048828125,False,False
meta_heuristica_genetico,900,random,4,0.23293042182922363,3.8161163330078125,False,False
meta_heuristica_genetico,900,scale_free,3,0.1633291244506836,0.3832550048828125,False,False
meta_heuristica_genetico,900,clique,3,0.1634056568145752,0.3131866455078125,False,False
meta_heuristica_genetico,1000,random,5,0.23996496200561523,4.2717742919921875,False,False
meta_heuristica_genetico,1000,scale_free,3,0.1753675937652588,0.4087371826171875,False,False
meta_heuristica_genetico,1000,clique,2,0.16291260719299316,0.3372039794921875,False,False
meta_heuristica_genetico,1000,random,5,0.22649455070495605,4.2756805419921875,False,False
meta_heuristica_genetico,1000,scale_free,3,0.1557161808013916,0.4106903076171875,False,False
meta_heuristica_genetico,1000,clique,2,0.1571636199951172,0.3350067138671875,False,False
meta_heuristica_genetico,1000,random,5,0.22630834579467773,4.2756805419921875,False,False
meta_heuristica_genetico,1000,scale_free,3,0.16865277290344238,0.4128875732421875,False,False
meta_heuristica_genetico,1000,clique,2,13.9904043674469,0.3357391357421875,False,False
